SMILES,MW,MW_MCS,NR,NR_MCS,HD,HD_MCS,HA,HA_MCS,FC,FC_MCS,LogP,LogP_MCS
CC1C(=O)OC1C[N+](C)(C)C,158.22099999999998,0.1266637136408699,2,0.125,0,0.0,2,0.3333333333333333,1,1.0,0.25409999999999977,0.3477837446784826
C=CCOCC(=O)[N+](C)(C)C,158.22099999999998,0.1266637136408699,4,0.375,0,0.0,2,0.3333333333333333,1,1.0,0.42179999999999995,0.39444614485656226
C[N+](C)(C)CCc1cccnc1,165.26,0.17615501979230397,3,0.25,0,0.0,1,0.0,1,1.0,1.3303000000000003,0.6472355936447869
C[N+](C)(C)CC1OC=CCO1,158.22099999999995,0.1266637136408697,2,0.125,0,0.0,2,0.3333333333333333,1,1.0,0.5791999999999999,0.4382425777011044
COC(C)C1COC[N+]1(C)C,160.237,0.1408382374654603,2,0.125,0,0.0,2,0.3333333333333333,1,1.0,0.45399999999999974,0.40340577088956253
C[N+](C)(C)CC1=NOCC1,143.20999999999998,0.02112116546084792,2,0.125,0,0.0,2,0.3333333333333333,1,1.0,0.4688999999999999,0.4075516847992429
C[N+](C)(C)C1=CC(=O)OC1,142.17799999999997,0.013865159217307594,1,0.0,0,0.0,2,0.3333333333333333,1,1.0,0.13329999999999997,0.31417123459194723
C[N+](C)(C)CC=NCC1CCCO1,185.29099999999994,0.31699325725776367,4,0.375,0,0.0,2,0.3333333333333333,1,1.0,0.9423999999999999,0.5393027073652575
C[N+](C)(C)Cc1cocn1,141.19399999999996,0.006946641636257524,2,0.125,0,0.0,2,0.3333333333333333,1,1.0,0.8808,0.52216255321517
C[N+](C)(C)CC1CC=CC(=O)O1,170.23199999999997,0.21111322041525163,2,0.125,0,0.0,2,0.3333333333333333,1,1.0,0.5643,0.43409666379142414
CN1CCOC(C[S+](C)C)C1,176.30499999999998,0.2538125672340695,2,0.125,0,0.0,2,0.3333333333333333,1,1.0,0.19490000000000007,0.33131138874203486
C[N+](C)(C)CC1CCOCO1,160.23699999999997,0.1408382374654601,2,0.125,0,0.0,2,0.3333333333333333,1,1.0,0.4556,0.4038509696986558
CC(C1=CCCO1)[N+](C)(C)C,156.249,0.11279855442356251,2,0.125,0,0.0,1,0.0,1,1.0,1.3853,0.662539302707365
C[N+](C)(C)CC1=CCC(=O)O1,156.20499999999998,0.1124891898162797,2,0.125,0,0.0,2,0.3333333333333333,1,1.0,0.5234000000000001,0.42271626923397954
C[N+](C)(CC1CO1)C1COC1,158.22099999999995,0.1266637136408697,3,0.25,0,0.0,2,0.3333333333333333,1,1.0,-0.13960000000000017,0.23823701271599065
C[N+]1(C)CC(Oc2ccccc2)C1,178.25499999999997,0.26752304414773553,2,0.125,0,0.0,1,0.0,1,1.0,1.524,0.7011324744706305
CC1C=NCC(C[N+](C)(C)C)O1,171.26399999999998,0.21836922665879194,2,0.125,0,0.0,2,0.3333333333333333,1,1.0,0.5506999999999997,0.430312473914132
CCC(=O)OC1C[N+](C)(C)C1,158.22099999999998,0.1266637136408699,2,0.125,0,0.0,2,0.3333333333333333,1,1.0,0.3981999999999999,0.38787946242243776
CC(C)=NOC1C[N+](C)(C)C1,157.23699999999997,0.11974519605981983,2,0.125,0,0.0,2,0.3333333333333333,1,1.0,0.8573999999999999,0.5156515206321821
CC[N+](C)(C)CCN(C)C,145.26999999999998,0.03560505389272092,4,0.375,0,0.0,1,0.0,1,1.0,0.6442999999999999,0.4563566042460833
CC(=O)OC1CCC([N+](C)(C)C)C1,186.27499999999998,0.32391177483881395,2,0.125,0,0.0,2,0.3333333333333333,1,1.0,1.1768,0.6045243328974093
COC1(C[N+](C)(C)C)CS1,162.278,0.15518853663509755,3,0.25,0,0.0,2,0.3333333333333333,1,1.0,0.7820999999999998,0.49469935167923396
COCC1OCC[N+]2(C)CCC12,172.248,0.22528774423984202,2,0.125,0,0.0,2,0.3333333333333333,1,1.0,0.25049999999999994,0.3467820473580231
COC(=O)C[N+]1(C)CC(C)(C)C1,172.248,0.22528774423984202,2,0.125,0,0.0,2,0.3333333333333333,1,1.0,0.6457999999999995,0.45677397812960807
CN=C1C=CC(C[N+](C)(C)C)OC1,183.27499999999998,0.30281873343317367,2,0.125,0,0.0,2,0.3333333333333333,1,1.0,0.7183999999999999,0.4769748740922115
COCC1(C(=O)N(C)C)CCCO1,187.23899999999995,0.3306896721438261,3,0.25,0,0.0,3,0.6666666666666666,0,0.0,0.2701999999999998,0.35226355769498285
C[N+](C)(CC1C=CC=CO1)C1CO1,182.24299999999994,0.2955627271896331,3,0.25,0,0.0,2,0.3333333333333333,1,1.0,0.8877999999999999,0.5241102980049526
CCOC(=O)C1(C)C[N+]1(C)C,158.22099999999998,0.1266637136408699,2,0.125,0,0.0,2,0.3333333333333333,1,1.0,0.3981999999999999,0.38787946242243776
CCCOCC#CC[N+](C)(C)C,170.27599999999998,0.21142258502253441,4,0.375,0,0.0,1,0.0,1,1.0,1.1226,0.5894432232393777
COC1(C[N+](C)(C)C)CC1,144.23799999999997,0.028349047649180593,3,0.25,0,0.0,1,0.0,1,1.0,0.8715999999999999,0.519602660062884
CC(C[N+]1(C)CCC1)N(C)C,157.281,0.12005456066710284,3,0.25,0,0.0,1,0.0,1,1.0,0.7868000000000002,0.49600712318094536
C[N+](C)(C)CC1C=CC(=O)CCO1,184.25899999999993,0.30973725101422334,2,0.125,0,0.0,2,0.3333333333333333,1,1.0,0.6067999999999998,0.4459222571579618
CC(C)OC(=O)C1C[N+]1(C)C,158.22099999999998,0.1266637136408699,2,0.125,0,0.0,2,0.3333333333333333,1,1.0,0.39659999999999984,0.3874342636133445
CON=C(C[N+](C)(C)C)OC,161.22499999999997,0.14778487910171761,3,0.25,0,0.0,3,0.6666666666666666,1,1.0,0.29889999999999994,0.36024931133309196
C[N+](C)(C)CC1COCOC1,160.23699999999997,0.1408382374654601,2,0.125,0,0.0,2,0.3333333333333333,1,1.0,0.31309999999999993,0.3642004507637939
COCC1COCC[N+](C)(C)C1,174.26399999999998,0.23946226806443222,2,0.125,0,0.0,2,0.3333333333333333,1,1.0,0.3555999999999999,0.37602604413033164
CCOC(=O)C[N+]1(C)CC1,144.194,0.02803968304189799,3,0.25,0,0.0,2,0.3333333333333333,1,1.0,0.009700000000000042,0.27977962658949856
CC1CN1C(=O)C[N+](C)(C)C,157.237,0.11974519605982004,2,0.125,0,0.0,1,0.0,1,1.0,-0.07669999999999977,0.25573889089846663
CC1(C[N+](C)(C)C)COC1=O,158.22099999999998,0.1266637136408699,2,0.125,0,0.0,2,0.3333333333333333,1,1.0,0.2556999999999998,0.3482289434875759
C[S+]1CCN(CCO)CC1,162.278,0.15518853663509755,2,0.125,1,0.5,2,0.3333333333333333,1,1.0,-0.4576,0.14975374940872002
CC1=CC(=O)C2C[N+]2(CCO)C1,168.21599999999998,0.19693869659066143,2,0.125,1,0.5,2,0.3333333333333333,1,1.0,-0.2933000000000001,0.1954701021174765
CC1OCC[N+]2(CCO)CC12,158.221,0.1266637136408701,2,0.125,1,0.5,2,0.3333333333333333,1,1.0,-0.40359999999999996,0.16477920921561506
O=C(O)C[N+]12CCOCC1C2,158.177,0.1263543490335873,2,0.125,1,0.5,2,0.3333333333333333,1,1.0,-0.6998,0.08236177968223904
CN1CC(CO)=CC[N+]12CCC2,169.24799999999996,0.20419470283420155,1,0.0,1,0.5,2,0.3333333333333333,1,1.0,-0.014000000000000234,0.2731851192298057
CC1COC[N+]2(CCO)CCC12,172.248,0.22528774423984202,2,0.125,1,0.5,2,0.3333333333333333,1,1.0,0.19159999999999983,0.33039316619828013
CN1CC[S+](C)C(C(=O)O)C1,176.26099999999997,0.25350320262678666,1,0.0,1,0.5,2,0.3333333333333333,1,1.0,-0.3669,0.17499095689919
NC(=O)C1COCC[N+]12CCC2,171.21999999999997,0.21805986205150915,1,0.0,1,0.5,2,0.3333333333333333,1,1.0,-0.9089999999999991,0.02415203539330523
C[N+]1([O-])CC[N+]2(CCO)CCC2C1,187.263,0.33085841647507164,2,0.125,1,0.5,2,0.3333333333333333,1,1.0,-0.47419999999999995,0.14513481176437823
C[N+]12CCN(CC1)CC(CN)C2,170.27999999999997,0.21145070907774188,1,0.0,1,0.5,2,0.3333333333333333,1,1.0,-0.6628999999999978,0.09262917721695124
C=C1C[N+]2(CCC1=O)CC2CO,168.21599999999998,0.19693869659066143,1,0.0,1,0.5,2,0.3333333333333333,1,1.0,-0.29330000000000006,0.19547010211747654
O=C(O)CN1CC[N+]12CCC2,157.19299999999998,0.11943583145253724,2,0.125,1,0.5,2,0.3333333333333333,1,1.0,-0.4779,0.14410528951835025
CN1CC[N+]2(CC2)CC(CO)C1,171.26399999999998,0.21836922665879194,1,0.0,1,0.5,2,0.3333333333333333,1,1.0,-0.6292999999999997,0.1019783522079076
CN1CC[N+]2(CC2)CC1C(=O)O,171.22,0.21805986205150935,1,0.0,1,0.5,2,0.3333333333333333,1,1.0,-0.7845999999999993,0.058766242800300385
CN1CC[N+](C)(C2CNC2)CC1,170.27999999999994,0.21145070907774166,1,0.0,1,0.5,2,0.3333333333333333,1,1.0,-0.6497999999999986,0.09627424246640148
C[N+]12CC1C1CCN1CC2CO,169.24800000000002,0.20419470283420194,1,0.0,1,0.5,2,0.3333333333333333,1,1.0,-0.7359999999999995,0.07228915662650583
CN1CC2C[N+](CCO)(C2)C1,157.237,0.11974519605982004,2,0.125,1,0.5,2,0.3333333333333333,1,1.0,-0.6718,0.09015275884136979
O=C1C2C[N+](CCO)(C2)C2CC12,168.21599999999998,0.19693869659066143,2,0.125,1,0.5,2,0.3333333333333333,1,1.0,-0.6035000000000001,0.10915718300453511
OCC1C[N+]23CCC2CN1CC3,169.24799999999996,0.20419470283420155,1,0.0,1,0.5,2,0.3333333333333333,1,1.0,-0.7343999999999997,0.07273435543559897
O=C(O)CN1CC[N+]2(CC1)CC2,171.21999999999997,0.21805986205150915,2,0.125,1,0.5,2,0.3333333333333333,1,1.0,-0.782999999999999,0.05921144160939364
O=C1C2CC2C[N+]2(CCO)CC12,168.216,0.19693869659066163,2,0.125,1,0.5,2,0.3333333333333333,1,1.0,-0.6034999999999999,0.10915718300453517
O=C1CC[N+]2(CC2)C(C(=O)O)C1,170.188,0.210803855807969,1,0.0,1,0.5,2,0.3333333333333333,1,1.0,-0.3671,0.17493530704805335
COCC1CNCC[S+]1C,162.27800000000002,0.15518853663509774,2,0.125,1,0.5,2,0.3333333333333333,1,1.0,-0.1473,0.23609449344722974
O=C1CC[N+]2(CCC2)CC1CO,170.232,0.21111322041525182,1,0.0,1,0.5,2,0.3333333333333333,1,1.0,-0.21179999999999993,0.21814741645566074
CN1CC[S+](C)CC1CN,161.29399999999998,0.14827001905404746,1,0.0,1,0.5,2,0.3333333333333333,1,1.0,-0.4927999999999992,0.1399593756086702
C[N+]12CCN(C1)C(=CC(N)=O)C2,168.21999999999994,0.19696682064586868,1,0.0,1,0.5,2,0.3333333333333333,1,1.0,-0.9110999999999989,0.02356771195637049
CC1C(CO)C(=O)CC[N+]12CC2,170.23199999999997,0.21111322041525163,1,0.0,1,0.5,2,0.3333333333333333,1,1.0,-0.2133999999999998,0.21770221764656755
OCC[N+]12CCOCC1CC2,158.22099999999998,0.1266637136408699,2,0.125,1,0.5,2,0.3333333333333333,1,1.0,-0.40200000000000036,0.16522440802470814
C[N+]1(CC2(O)CN3CCC2CC3)CC1,197.30199999999994,0.40144276403214535,2,0.125,1,0.5,2,0.3333333333333333,1,1.0,-0.09670000000000023,0.2501739057848017
OCC1C[N+]12CCC1(COC1)C2,170.23199999999997,0.21111322041525163,1,0.0,1,0.5,2,0.3333333333333333,1,1.0,-0.40200000000000036,0.16522440802470814
CN(C)C1CC(O)CC[N+]12CC2,171.26399999999995,0.21836922665879174,1,0.0,1,0.5,2,0.3333333333333333,1,1.0,-0.14080000000000004,0.2379031136091708
CC1C(=O)C=C2C[N+]1(CCO)C2,168.21599999999998,0.19693869659066143,2,0.125,1,0.5,2,0.3333333333333333,1,1.0,-0.2933000000000001,0.1954701021174765
COCC1CN[N+]2(CC2)C1,143.21,0.02112116546084812,2,0.125,1,0.5,2,0.3333333333333333,1,1.0,-0.4024000000000001,0.16511310832243492
CC1CC(=O)C2C[N+]2(CCN)C1,169.24799999999996,0.20419470283420155,2,0.125,1,0.5,2,0.3333333333333333,1,1.0,-0.2469999999999996,0.20835304265561072
O=C1C[N+]2(CC=C1CO)CCC2,168.21599999999995,0.1969386965906612,1,0.0,1,0.5,2,0.3333333333333333,1,1.0,-0.2917000000000003,0.19591530092656964
CC(O)C[N+]12CCN(CC1)CC2,171.26399999999995,0.21836922665879174,2,0.125,1,0.5,2,0.3333333333333333,1,1.0,-0.4867999999999999,0.14162887114276942
C[N+]1([O-])CC[N+]2(CCO)CC2C1,173.23600000000002,0.23223438587609974,2,0.125,1,0.5,2,0.3333333333333333,1,1.0,-0.8642999999999996,0.03658977712234598
OCC1CC[N+]12CCOCC2,158.221,0.1266637136408701,1,0.0,1,0.5,2,0.3333333333333333,1,1.0,-0.40199999999999947,0.1652244080247084
CN1CCC[N+]2(CCN)CC1C2,170.28,0.21145070907774208,2,0.125,1,0.5,2,0.3333333333333333,1,1.0,-0.520399999999998,0.13227969615181306
CNC(=O)OC1C[N+](C)(C)C1,159.20899999999997,0.13361035527712742,1,0.0,1,0.5,2,0.3333333333333333,1,1.0,-0.19900000000000007,0.22170900692840617
C[N+](C)(C)CC1(CN)CCCC1,171.30799999999996,0.21867859126607456,3,0.25,1,0.5,1,0.0,1,1.0,1.2116999999999993,0.6142352319207542
CNC1OCC[N+](C)(C)CC(C)O1,189.279,0.34503294029966186,1,0.0,1,0.5,3,0.6666666666666666,1,1.0,0.0010999999999998789,0.2773866829906227
CNC1CCC(C[N+](C)(C)C)OC1C,201.334,0.42979181168132635,3,0.25,1,0.5,2,0.3333333333333333,1,1.0,0.8481000000000001,0.5130638025543279
C#CC[N+](C)(CCO)COC,158.22099999999998,0.1266637136408699,5,0.5,1,0.5,2,0.3333333333333333,1,1.0,-0.33760000000000034,0.18314366009070887
C#CC[N+](C)(C)C1CC(CO)O1,170.23199999999997,0.21111322041525163,3,0.25,1,0.5,2,0.3333333333333333,1,1.0,-0.19670000000000049,0.2223489802164775
CCOC(=O)C1CC[N+]1(C)C,158.22099999999998,0.1266637136408699,2,0.125,0,0.0,2,0.3333333333333333,1,1.0,0.3981999999999999,0.38787946242243776
C[N+](C)(C)CCCCNC=O,159.25300000000001,0.13391971988441043,6,0.625,1,0.5,1,0.0,1,1.0,0.21879999999999972,0.33796154595286426
C[N+](C)(C)CCNC(=O)OCC1CO1,203.26199999999997,0.44334760629135095,5,0.5,1,0.5,3,0.6666666666666666,1,1.0,-0.182399999999999,0.22632794457274827
CC1(C)C[S+](CCN)CO1,162.27799999999996,0.15518853663509732,2,0.125,1,0.5,2,0.3333333333333333,1,1.0,0.3297,0.3688193884081358
C[N+](C)(C)CC(=O)OC1CCC(O)CC1,216.30099999999996,0.5350249952540653,3,0.25,1,0.5,3,0.6666666666666666,1,1.0,0.5392999999999992,0.4271404323993429
CC1=[N+](C(C)(C)CO)CCOC1,172.24799999999993,0.2252877442398416,2,0.125,1,0.5,2,0.3333333333333333,1,1.0,0.26089999999999997,0.3496758396171288
CNC(=O)OCC1=CC[N+]1(C)C,171.21999999999997,0.21805986205150915,2,0.125,1,0.5,2,0.3333333333333333,1,1.0,0.3163,0.3650908483819803
C[N+](C)(C)CCC(=O)CO,146.20999999999998,0.042214206866488184,4,0.375,1,0.5,2,0.3333333333333333,1,1.0,-0.35590000000000027,0.1780516987117056
CN(CC(N)=O)C1CCC[N+](C)(C)C1,200.30599999999995,0.4225639294929933,3,0.25,1,0.5,2,0.3333333333333333,1,1.0,-0.357699999999999,0.17755085005147608
COCC(C)(C)[N+]1=CCOCC1,172.24799999999996,0.22528774423984183,3,0.25,0,0.0,2,0.3333333333333333,1,1.0,0.5249000000000001,0.42313364311750445
COCCOC[N+]1(C(C)(C)C)CC1,188.29099999999997,0.3380862986634041,5,0.5,0,0.0,2,0.3333333333333333,1,1.0,1.2357999999999998,0.6209410389827205
C#CC[N+]1(CC(C)O)CCO1,156.20499999999996,0.1124891898162795,3,0.25,1,0.5,2,0.3333333333333333,1,1.0,-0.23760000000000026,0.210968585659033
C[N+](C)(C)CCC(O)C1CO1,160.23699999999997,0.1408382374654601,4,0.375,1,0.5,2,0.3333333333333333,1,1.0,-0.1576000000000004,0.23322852611369224
CC(C)NCC[N+](C)(C)C,145.26999999999998,0.03560505389272092,4,0.375,1,0.5,1,0.0,1,1.0,0.6905999999999999,0.4692395447842174
COCC(O)C1CC[N+](C)(C)CC1,188.29099999999997,0.3380862986634041,3,0.25,1,0.5,2,0.3333333333333333,1,1.0,0.48009999999999997,0.4106680764628952
CN(C)CCN1CC[N+](C)(C)CC1,186.32299999999998,0.3242492635013042,3,0.25,0,0.0,2,0.3333333333333333,1,1.0,-0.05999999999999872,0.26038565346837705
C[N+](C)(C)CCOCCCN,161.26899999999998,0.14809424370900043,6,0.625,1,0.5,2,0.3333333333333333,1,1.0,0.05800000000000127,0.2932190656389995
C[N+]1(CCC(=O)O)CCO1,146.16599999999997,0.041904842259205384,3,0.25,1,0.5,2,0.3333333333333333,1,1.0,-0.14710000000000023,0.23615014329836634
COCC1=NC[N+](C)(C)CC1,157.23699999999997,0.11974519605981983,2,0.125,0,0.0,2,0.3333333333333333,1,1.0,0.5113999999999999,0.41937727816578063
COCCNC(=O)C(C)(C)C,159.22899999999996,0.1337509755531649,3,0.25,1,0.5,2,0.3333333333333333,0,0.0,0.7950999999999997,0.49831659200311607
C[N+]1(C)CCC1C1OC1CO,158.22099999999998,0.1266637136408699,2,0.125,1,0.5,2,0.3333333333333333,1,1.0,-0.4052000000000004,0.16433401040652176
COC1(C(=O)O)CC[N+]1(C)C,160.19299999999998,0.1405288728581775,2,0.125,1,0.5,2,0.3333333333333333,1,1.0,-0.10620000000000007,0.24753053785581094
C[N+]1(C)CC=CCC1CO,142.22199999999998,0.014174523824590396,1,0.0,1,0.5,1,0.0,1,1.0,0.3835999999999998,0.3838170232894624
CC(C)(O)C(=O)[N+]1(C)C=COCC1,186.231,0.3236024102315313,1,0.0,1,0.5,3,0.6666666666666666,1,1.0,0.2319,0.3416066112023147
CC(C)(CO)[N+]1(C)CCO1,146.20999999999998,0.042214206866488184,2,0.125,1,0.5,2,0.3333333333333333,1,1.0,0.1491,0.3185675728317424
CC(C)(O)C(=O)OC1CC[N+](C)(C)CC1,216.30099999999993,0.5350249952540651,2,0.125,1,0.5,3,0.6666666666666666,1,1.0,0.5392999999999997,0.427140432399343
C[N+]1(C)CCC(C2OC2CO)OC1,188.24699999999996,0.3377769340561213,2,0.125,1,0.5,3,0.6666666666666666,1,1.0,-0.43110000000000004,0.1571273546843259
CNC1OC=C[N+](C)(C)CCO1,173.23599999999996,0.23223438587609935,1,0.0,1,0.5,3,0.6666666666666666,1,1.0,0.08379999999999965,0.30039789643562664
C[N+]1(C)CCC(COC(N)=O)=N1,172.20799999999997,0.22500650368776667,2,0.125,1,0.5,3,0.6666666666666666,1,1.0,-0.08220000000000038,0.2542085199922086
C#CC[N+]1(CC#C)CCOCC1,164.22799999999995,0.16889901354876344,2,0.125,0,0.0,1,0.0,1,1.0,0.09979999999999989,0.30484988452655865
COC1CC(C)=NC[N+](C)(C)C1,171.264,0.21836922665879213,1,0.0,0,0.0,2,0.3333333333333333,1,1.0,0.8998999999999999,0.5274771139987199
COC1(C(=O)O)C[N+]1(C)C,146.166,0.041904842259205585,2,0.125,1,0.5,2,0.3333333333333333,1,1.0,-0.4963000000000002,0.13898550321377856
CC[N+](C)(CC)OCCO,148.226,0.05638873069107858,5,0.5,1,0.5,2,0.3333333333333333,1,1.0,0.3966999999999999,0.3874620885389129
C[N+]12CCN(CC1)C(CO)C2,157.237,0.11974519605982004,1,0.0,1,0.5,2,0.3333333333333333,1,1.0,-0.8768999999999996,0.03308383650073715
C[N+]1(CO)CC(=O)C2CC2C1,156.20499999999998,0.1124891898162797,1,0.0,1,0.5,2,0.3333333333333333,1,1.0,-0.3984000000000003,0.16622610534516782
C[N+]1(C)CCN2CC1C2CN,156.253,0.11282667847876997,1,0.0,1,0.5,2,0.3333333333333333,1,1.0,-0.9120999999999975,0.02328946270068765
C[N+]12CCC1N(CC(=O)O)C2,157.19299999999998,0.11943583145253724,2,0.125,1,0.5,2,0.3333333333333333,1,1.0,-0.47950000000000026,0.14366009070925698
COC1CC[N+]12CC2CO,144.19400000000002,0.02803968304189819,2,0.125,1,0.5,2,0.3333333333333333,1,1.0,-0.4461000000000001,0.1529536158490773
C[N+]12CCN(CCO)CC1C2,157.23699999999997,0.11974519605981983,2,0.125,1,0.5,2,0.3333333333333333,1,1.0,-0.8768999999999996,0.03308383650073715
C[N+]1(C)CC[N+]([O-])(CCN)CC1,174.26799999999997,0.23949039211963966,2,0.125,1,0.5,2,0.3333333333333333,1,1.0,-0.6502999999999979,0.09613511783856006
CN1C=[N+](C)CCC1C(=O)O,157.19299999999998,0.11943583145253724,1,0.0,1,0.5,2,0.3333333333333333,1,1.0,-0.5543,0.12284704638415062
C[N+]1(C)C2CN(CCO)CC21,157.23700000000002,0.11974519605982023,2,0.125,1,0.5,2,0.3333333333333333,1,1.0,-0.8784999999999994,0.03263863769164402
O=C(O)C1COCC[N+]12CC2,158.177,0.1263543490335873,1,0.0,1,0.5,2,0.3333333333333333,1,1.0,-0.6998,0.08236177968223904
C[N+]12CCOCC1(C(=O)O)C2,158.177,0.1263543490335873,1,0.0,1,0.5,2,0.3333333333333333,1,1.0,-0.6998,0.08236177968223904
COC1CNCC[N+]12CCC2,157.23699999999997,0.11974519605981983,1,0.0,1,0.5,2,0.3333333333333333,1,1.0,-0.21739999999999982,0.2165892206238346
CNC1COC[N+]2(CCC2)C1,157.23699999999997,0.11974519605981983,1,0.0,1,0.5,2,0.3333333333333333,1,1.0,-0.21739999999999982,0.2165892206238346
[O-][N+]12CC[N+](CCO)(CC1)CC2,173.23599999999993,0.23223438587609913,2,0.125,1,0.5,2,0.3333333333333333,1,1.0,-0.8626999999999998,0.03703497593143911
CC1=[N+](CCO)CCOC1,144.194,0.02803968304189799,2,0.125,1,0.5,2,0.3333333333333333,1,1.0,-0.5177000000000003,0.13303096914215717
C[N+]1(CO)CC[N+]2([O-])CC1C2,159.209,0.1336103552771276,1,0.0,1,0.5,2,0.3333333333333333,1,1.0,-0.9067999999999998,0.02476418375580817
O=C(O)C1CCOC[N+]12CC2,158.177,0.1263543490335873,1,0.0,1,0.5,2,0.3333333333333333,1,1.0,-0.35220000000000007,0.17908122095773363
C[N+]1(CO)CCOC2CC21,144.194,0.02803968304189799,1,0.0,1,0.5,2,0.3333333333333333,1,1.0,-0.4461000000000004,0.15295361584907718
COC1NC(=O)C2CC[N+]12C,157.19299999999998,0.11943583145253724,1,0.0,1,0.5,2,0.3333333333333333,1,1.0,-0.7348999999999999,0.0725952308077573
O=C(O)C[N+]12CCN(CC1)CC2,171.21999999999997,0.21805986205150915,2,0.125,1,0.5,2,0.3333333333333333,1,1.0,-0.782999999999999,0.05921144160939364
COC1C(=O)N[N+]2(C)CCC12,157.19299999999998,0.11943583145253724,1,0.0,1,0.5,2,0.3333333333333333,1,1.0,-0.7348999999999999,0.0725952308077573
CC(O)C1C[N+]2(C)CCN1CC2,171.26399999999998,0.21836922665879194,1,0.0,1,0.5,2,0.3333333333333333,1,1.0,-0.4883999999999997,0.1411836723336763
C[N+]1(C2CNC2)CCOCC1,157.23699999999997,0.11974519605981983,1,0.0,1,0.5,2,0.3333333333333333,1,1.0,-0.5649999999999991,0.1198697793483402
C[N+]12CCOCC1(CO)C2,144.194,0.02803968304189799,1,0.0,1,0.5,2,0.3333333333333333,1,1.0,-0.7921,0.056679373382675875
C[N+]1(CCO)C2COCC1C2,158.22099999999998,0.1266637136408699,2,0.125,1,0.5,2,0.3333333333333333,1,1.0,-0.4036000000000002,0.164779209215615
C[N+]1(CCO)CCOCC1,146.20999999999998,0.042214206866488184,2,0.125,1,0.5,2,0.3333333333333333,1,1.0,-0.5445,0.12557388908984637
C[N+]12CCC1C(CO)C2=O,142.17799999999997,0.013865159217307594,1,0.0,1,0.5,2,0.3333333333333333,1,1.0,-0.6460000000000004,0.0973315896379973
OCC1C[N+]12CCOCC2,144.194,0.02803968304189799,1,0.0,1,0.5,2,0.3333333333333333,1,1.0,-0.7921,0.056679373382675875
C[N+]12CCOCC1(CN)C2,143.20999999999998,0.02112116546084792,1,0.0,1,0.5,2,0.3333333333333333,1,1.0,-0.8256999999999992,0.047330198391719196
C[N+]1([O-])CC=[N+](CCO)CC1,159.209,0.1336103552771276,2,0.125,1,0.5,2,0.3333333333333333,1,1.0,-0.9799999999999998,0.004396338239794941
CC(=O)[N+]1(C2(CO)CC2)CC1,156.20499999999996,0.1124891898162795,2,0.125,1,0.5,2,0.3333333333333333,1,1.0,-0.11180000000000034,0.2459723420239847
OCC[N+]12CCN(CC1)CC2,157.23699999999997,0.11974519605981983,2,0.125,1,0.5,2,0.3333333333333333,1,1.0,-0.8752999999999989,0.033529035309830535
C[N+]12CCN(CC1)C(C(=O)O)C2,171.21999999999997,0.21805986205150915,1,0.0,1,0.5,2,0.3333333333333333,1,1.0,-0.7845999999999993,0.058766242800300385
C[N+]12CCOCC1=C(CO)C2,156.20499999999998,0.1124891898162797,1,0.0,1,0.5,2,0.3333333333333333,1,1.0,-0.27679999999999993,0.20006121483625003
CN1CC(CO)[N+]12CCC2,143.20999999999998,0.02112116546084792,1,0.0,1,0.5,2,0.3333333333333333,1,1.0,-0.5718000000000001,0.11797768440969388
CN1CCC(CO)C[N+]2(CC2)C1,171.26399999999995,0.21836922665879174,1,0.0,1,0.5,2,0.3333333333333333,1,1.0,-0.2817000000000005,0.198697793483402
C[N+]12CCC1CCN(C(=O)CN)C2,184.26299999999998,0.3097653750694312,1,0.0,1,0.5,2,0.3333333333333333,1,1.0,-0.6461999999999986,0.09727593978686117
O=C(O)C1CCOCC[N+]12CC2,172.20399999999998,0.2249783796325592,1,0.0,1,0.5,2,0.3333333333333333,1,1.0,-0.3097000000000001,0.19090681432427137
CN1CC=[N+](CCO)CC1,143.20999999999998,0.02112116546084792,2,0.125,1,0.5,2,0.3333333333333333,1,1.0,-0.9925999999999997,0.0008903976181861191
CCCn1cnc(CCCNCc2c[n+](C)ccn2)c1,274.392,0.9434636180190819,8,0.875,1,0.5,4,1.0,1,1.0,1.2349999999999994,0.6207184395781737
Cc1c(CNCCCOc2ccncc2)cs[n+]1C,278.40100000000007,0.9716509523508196,7,0.75,1,0.5,4,1.0,1,1.0,1.8347200000000001,0.7875900831965273
CC(C)Cn1cc(NCCCN2CCCCC2)[n+](C)n1,280.43999999999994,0.9859871894928522,7,0.75,1,0.5,4,1.0,1,1.0,1.6514999999999995,0.7366092545702437
CCC[n+]1nocc1CN1CCCC(CCCO)C1,268.3809999999999,0.9012001940559801,7,0.75,1,0.5,4,1.0,1,1.0,1.3565999999999996,0.654553549069256
CCCc1n(CC)cn[n+]1CCNCC1CCOCC1,281.42400000000004,0.9929057070739029,8,0.875,1,0.5,4,1.0,1,1.0,1.1592000000000002,0.5996271459973843
CCCCN1CCC(NCc2onc(C)[n+]2CC)CC1,281.42400000000004,0.9929057070739029,7,0.75,1,0.5,4,1.0,1,1.0,1.6445199999999995,0.7346670747655747
C[n+]1cscc1CCCNC1COc2ncccc21,276.385,0.9574764285262288,5,0.5,1,0.5,4,1.0,1,1.0,1.6234999999999997,0.7288182754111131
c1cncc(OCCNCc2coc[n+]2CC2CC2)c1,274.344,0.9431261293565916,8,0.875,1,0.5,4,1.0,1,1.0,1.5406999999999997,0.7057792370405407
Cc1scc(CNCCCCc2cnccn2)[n+]1C,277.417,0.9647324347697689,7,0.75,1,0.5,4,1.0,1,1.0,1.7835199999999998,0.7733437213055453
CCc1sc(CNCCCc2cc(C)no2)c[n+]1C,280.417,0.9858254761754092,7,0.75,1,0.5,4,1.0,1,1.0,2.1538200000000005,0.8763794206850496
CC[n+]1cnn(CCCCOc2cccc(C)c2N)c1,275.37600000000003,0.9503821356001321,7,0.75,1,0.5,4,1.0,1,1.0,1.9403199999999994,0.8169732045966773
CC[n+]1cc(CNC(C)CCn2cc(C)cn2)ccn1,274.392,0.9434636180190819,7,0.75,1,0.5,4,1.0,1,1.0,1.4623199999999992,0.683970060380088
Cc1cncn1CCCCNCc1cnc(C)[n+](C)c1,274.392,0.9434636180190819,7,0.75,1,0.5,4,1.0,1,1.0,1.2894399999999997,0.6358663290575696
COC[n+]1ccn(CCCNCc2ccsc2)c1C,280.41700000000003,0.9858254761754096,8,0.875,1,0.5,4,1.0,1,1.0,1.9293199999999997,0.8139124627841617
Cc1ccc(CNCCCn2cc[n+](C=O)c2)s1,264.374,0.8730269217518473,7,0.75,1,0.5,4,1.0,1,1.0,1.3637199999999998,0.6565346837697207
Cc1cnccc1OCCCCNCc1cco[n+]1C,276.35999999999996,0.9573006531811815,8,0.875,1,0.5,4,1.0,1,1.0,1.7563199999999997,0.765775341550961
O=C(O)C[n+]1ccn(CCCCOc2ccccc2)c1,275.328,0.9500446469376415,8,0.875,1,0.5,3,0.6666666666666666,1,1.0,1.7193999999999992,0.7555023790311357
CC[n+]1occc1CNCCCc1c(C)c(C)nn1C,277.39199999999994,0.9645566594247217,7,0.75,1,0.5,4,1.0,1,1.0,1.65974,0.7389020284370738
CCCc1cc(C(=O)NCCCn2ccc[n+]2C)no1,277.34799999999996,0.9642472948174391,7,0.75,1,0.5,4,1.0,1,1.0,1.0731999999999997,0.5756977100086255
Cc1onc(CN)[n+]1CCCCOc1ccccc1F,280.323,0.9851645608780325,7,0.75,1,0.5,4,1.0,1,1.0,1.7275199999999993,0.7577617629872836
C=C(CCNCc1csc(C)[n+]1C)c1cnccn1,275.40099999999995,0.9505579109451785,6,0.625,1,0.5,4,1.0,1,1.0,1.86412,0.7957706113136146
CC(C)CN1CCN(CCNc2cnc[n+](C)c2)CC1,278.4240000000001,0.9718126656682631,6,0.625,1,0.5,4,1.0,1,1.0,0.5916000000000015,0.44169286847157696
Cc1cc(C)n(CCCCNCc2c[n+](C)ccn2)n1,274.392,0.9434636180190819,7,0.75,1,0.5,4,1.0,1,1.0,1.2894399999999995,0.6358663290575693
Cc1ccc(OCCC[n+]2noc(C)c2CO)c(C)c1,277.344,0.9642191707622318,6,0.625,1,0.5,4,1.0,1,1.0,1.84876,0.79149670274632
CCCc1ccc(CCC[n+]2c(CN)noc2C)nc1,275.3759999999999,0.9503821356001313,7,0.75,1,0.5,4,1.0,1,1.0,1.70952,0.7527532763849855
CCC[n+]1c(CNCCc2cnn(C)c2)csc1C,279.43300000000005,0.9789069585943597,7,0.75,1,0.5,4,1.0,1,1.0,1.81982,0.783444169286847
C[n+]1ccnc(CCCOc2ccc(C(N)=O)cc2)c1,272.328,0.9289516055320012,6,0.625,1,0.5,3,0.6666666666666666,1,1.0,1.0165999999999995,0.5599488021369539
CCCCn1c[n+](CCNCC2CCCCO2)cn1,267.39699999999993,0.8942816764749302,8,0.875,1,0.5,4,1.0,1,1.0,1.1294000000000004,0.5913353181780238
COc1ccc(CNC(C)CCn2cccn2)c[n+]1C,275.37600000000003,0.9503821356001321,7,0.75,1,0.5,4,1.0,1,1.0,1.2845999999999997,0.6345196026600626
C[n+]1cccc(CNCCCOc2nccs2)c1,264.37399999999997,0.8730269217518469,7,0.75,1,0.5,4,1.0,1,1.0,1.5262999999999993,0.701772447758702
Cc1sc(CNCCCOc2ccncc2)c[n+]1C,278.401,0.9716509523508192,7,0.75,1,0.5,4,1.0,1,1.0,1.83472,0.7875900831965272
Cc1nn(CCNCC[N+]2CCCCC2)c(C)c1C,264.4169999999999,0.8733292553453273,6,0.625,1,0.5,4,1.0,1,1.0,1.7219599999999995,0.7562146971256849
Cc1cn(CCCCNCc2cs[n+](C)c2C)cn1,279.433,0.9789069585943594,7,0.75,1,0.5,4,1.0,1,1.0,1.95594,0.8213194579704497
COCc1scc(CCNCc2ccncc2)[n+]1C,278.401,0.9716509523508192,7,0.75,1,0.5,4,1.0,1,1.0,1.4463,0.6795125073040428
CCCC[n+]1c(N)cn(CC)c1CN1CCCC1,251.3979999999999,0.7817924866586504,6,0.625,1,0.5,3,0.6666666666666666,1,1.0,1.7736,0.7705834886891676
Cc1o[n+](C)c(C)c1CNCCCCc1cnccn1,275.376,0.9503821356001317,7,0.75,1,0.5,4,1.0,1,1.0,1.6234399999999998,0.728801580455772
C[n+]1ccncc1N1CCN(CCCCCCO)CC1,279.408,0.9787311832493125,7,0.75,1,0.5,4,1.0,1,1.0,0.5807999999999995,0.4386877765101974
Cc1o[n+](C)c(C)c1CNCCCCc1cnco1,264.349,0.8728511464068001,7,0.75,1,0.5,4,1.0,1,1.0,1.8214399999999997,0.7838949330810538
CC[n+]1cnn(CCCCOc2ccccc2N)c1C,275.37600000000003,0.9503821356001321,7,0.75,1,0.5,4,1.0,1,1.0,1.9403199999999996,0.8169732045966774
CC1=CC2C3CCC(C3)[N+]2(CC(N)=O)C1=O,221.27999999999997,0.5700324129736264,2,0.125,1,0.5,2,0.3333333333333333,1,1.0,0.32589999999999997,0.36776204123653944
C[N+]12CC(CC(N3CNCC3=O)C1)C2,196.27399999999997,0.39421488184381287,1,0.0,1,0.5,2,0.3333333333333333,1,1.0,-0.7755999999999992,0.061270486101449584
C=C1CC2CC(=O)[N+](CC(N)=O)(C1)C2,195.24199999999996,0.3869588756002726,2,0.125,1,0.5,2,0.3333333333333333,1,1.0,-0.20509999999999984,0.22001168646873845
CC[N+]12CC1C1(CCC(=O)NC1)C2,181.259,0.28864420960858345,1,0.0,1,0.5,1,0.0,1,1.0,0.11530000000000001,0.3091627479896489
CC1C[N+]2(C1)CC2CN1CCNC1=O,196.27399999999997,0.39421488184381287,2,0.125,1,0.5,1,0.0,1,1.0,-0.13969999999999988,0.23820918779042244
C#CC[N+]12CCC(C1)C(NC(C)=O)C2,193.26999999999995,0.37309371638296496,2,0.125,1,0.5,1,0.0,1,1.0,-0.02540000000000009,0.2700130777150168
C[n+]1ccc(C(=O)N=C(N)N2CCCC2)cc1,233.29499999999996,0.6545100438032155,1,0.0,1,0.5,1,0.0,1,1.0,0.0618000000000003,0.2942764128105955
CNC(=O)C[n+]1cccc2c1CC2,177.22699999999995,0.26029516195940267,2,0.125,1,0.5,1,0.0,1,1.0,-0.1812999999999998,0.2266340187539996
CCC(=O)N1CC[N+]2(CCNC2=O)C1,198.24599999999998,0.4080800410611205,1,0.0,1,0.5,2,0.3333333333333333,1,1.0,-0.2638999999999998,0.2036506302345639
C#CC1C[N+]2(CC)CCC=C2C(=O)N1,191.25400000000002,0.3589191925583752,1,0.0,1,0.5,1,0.0,1,1.0,0.24230000000000002,0.3445004034614205
C[n+]1ccc(CN2CCNC2=O)cc1,192.24200000000002,0.3658658341946327,2,0.125,1,0.5,1,0.0,1,1.0,0.036299999999999166,0.2871810567906726
CNC(=O)C[N+]12C(=O)C1C1CCC2C1,195.24199999999996,0.3869588756002726,2,0.125,1,0.5,2,0.3333333333333333,1,1.0,-0.35970000000000013,0.17699435154010928
CC[N+]12CCN(CC1)C(=O)C2=CC(N)=O,210.257,0.4925295478355024,2,0.125,1,0.5,2,0.3333333333333333,1,1.0,-0.9518999999999989,0.012215142324494268
C#CC1C[N+]2(CC(N)=O)CCCN1C2=O,208.24099999999996,0.4783550240109118,2,0.125,1,0.5,2,0.3333333333333333,1,1.0,-0.8703999999999987,0.034892456662678456
C#CC[N+]1(CC)CC1C1CCNC1,179.28699999999995,0.27477905039127565,3,0.25,1,0.5,1,0.0,1,1.0,0.448,0.4017362753554632
C[N+]12CC(C1)C(C13CC1NC3=O)C2,179.24299999999997,0.27446968578399306,1,0.0,1,0.5,1,0.0,1,1.0,-0.41889999999999983,0.1605219956036615
C#CC[N+]12CCC(C1)C(C(N)=O)C2,179.24299999999997,0.27446968578399306,2,0.125,1,0.5,1,0.0,1,1.0,-0.42859999999999987,0.15782297782353405
C[N+]12CCC1(CN1C(=O)NC3CC31)C2,194.25799999999998,0.3800403580192227,2,0.125,1,0.5,1,0.0,1,1.0,-0.2447999999999999,0.20896519101811376
C[n+]1cccc(CC2CCC(=O)N2)c1,191.254,0.35891919255837496,2,0.125,1,0.5,1,0.0,1,1.0,0.33219999999999966,0.3695150115473438
O=C(C[n+]1ccccc1)N1CC(O)C1,193.22599999999994,0.3727843517756822,2,0.125,1,0.5,2,0.3333333333333333,1,1.0,-0.8228000000000004,0.04813712123320026
O=C1CN(CC2CC[N+]3(CC3)C2)CN1,196.27399999999997,0.39421488184381287,2,0.125,1,0.5,2,0.3333333333333333,1,1.0,-0.7739999999999985,0.06171568491054297
O=C1NCCN1CC1CC[N+]2(CC2)C1,196.27399999999997,0.39421488184381287,2,0.125,1,0.5,1,0.0,1,1.0,-0.13809999999999967,0.23865438659951566
C[N+]1(C2CC2)CC2(CNC(=O)C2)C1,181.259,0.28864420960858345,1,0.0,1,0.5,1,0.0,1,1.0,0.11530000000000001,0.3091627479896489
C#CC1=CC2CCC(=O)[N+]2(CC(N)=O)C1,205.23699999999997,0.4572338585500641,2,0.125,1,0.5,2,0.3333333333333333,1,1.0,-0.4493000000000005,0.1520632182308908
C[n+]1ccc(CCN2CCNC2=S)cc1,222.33700000000005,0.5774641945622142,3,0.25,1,0.5,1,0.0,1,1.0,0.2437000000000003,0.34488995241937714
CCNC(=O)C[n+]1ccccc1,165.216,0.17584565518502135,3,0.25,1,0.5,1,0.0,1,1.0,0.11020000000000008,0.3077436767856644
C[N+]12CC(CN3C(=O)NC4CC43)C(C1)C2,208.285,0.4786643886181948,2,0.125,1,0.5,1,0.0,1,1.0,-0.14129999999999976,0.23776398898132925
C[N+]12CC(C1)C(N1CCCNC1=O)C2,196.274,0.3942148818438131,1,0.0,1,0.5,1,0.0,1,1.0,-0.13969999999999988,0.23820918779042244
CC[N+]12CCC1C1(CC2)CNC1=O,181.259,0.28864420960858345,1,0.0,1,0.5,1,0.0,1,1.0,0.11530000000000001,0.3091627479896489
C#CC1C[N+]2(CC)CCC2C(=O)N1,179.24300000000002,0.27446968578399344,1,0.0,1,0.5,1,0.0,1,1.0,-0.27299999999999985,0.2011185620078464
O=C(O)C[N+]12CCC(N3CCCC3=O)C1C2,225.26799999999994,0.598072096015524,3,0.25,1,0.5,2,0.3333333333333333,1,1.0,-0.3353000000000006,0.18378363337878026
C[N+]1(CC#CCN2CCCNC2=O)CC1,208.28499999999997,0.4786643886181946,2,0.125,1,0.5,1,0.0,1,1.0,-0.13470000000000004,0.23960043406883857
O=C(C[n+]1ccccc1)N1CCC2CNCC21,232.30699999999993,0.6475634021669578,2,0.125,1,0.5,2,0.3333333333333333,1,1.0,-0.20559999999999978,0.21987256184089685
C#CC[N+]1(C)CC23CNC(=O)C2(C3)C1,191.25399999999996,0.3589191925583748,1,0.0,1,0.5,1,0.0,1,1.0,-0.41389999999999993,0.16191324188207767
C[N+]12CC(CC(N3CCCC3=O)C1)C2O,211.285,0.4997574300238351,1,0.0,1,0.5,2,0.3333333333333333,1,1.0,-0.22410000000000058,0.2147249506107567
CC[N+]12CCC3(CNC(=O)C3)C1C2,181.259,0.28864420960858345,1,0.0,1,0.5,1,0.0,1,1.0,0.11530000000000001,0.3091627479896489
O=C1NCCN1CC1C[N+]12CCCC2=O,210.25699999999995,0.492529547835502,2,0.125,1,0.5,2,0.3333333333333333,1,1.0,-0.4690000000000005,0.14658170789393093
C[N+]12CC(CN3CCNC3=S)C(C1)C2,212.342,0.5071892116124225,2,0.125,1,0.5,1,0.0,1,1.0,-0.11729999999999974,0.24444197111772706
C[N+]12CC(CC(N3CCNC3=O)C1)C2=O,210.25699999999998,0.4925295478355022,1,0.0,1,0.5,2,0.3333333333333333,1,1.0,-0.6130999999999998,0.1064859901499761
C[N+](C)(C)CC1=CCC=CO1,154.23299999999998,0.09862403059897211,2,0.125,0,0.0,1,0.0,1,1.0,1.5105,0.6973761095189068
C[N+]1(CC2CCCO2)CC1,142.22199999999998,0.014174523824590396,2,0.125,0,0.0,1,0.0,1,1.0,0.6255999999999999,0.45115334316480676
CON=C1CCC([N+](C)(C)C)C1,171.26399999999998,0.21836922665879194,2,0.125,0,0.0,2,0.3333333333333333,1,1.0,1.2474999999999998,0.6241965552742145
CC(C)C(C1=NCC1)[N+](C)(C)C,169.292,0.20450406744148455,3,0.25,0,0.0,1,0.0,1,1.0,1.5619,0.7116781212610255
C=C1C=C(C[N+](C)(C)C2CC2)O1,166.24399999999997,0.18307353737335383,3,0.25,0,0.0,1,0.0,1,1.0,1.6529999999999998,0.7370266284537687
C[N+](C)(C)Cc1ccccn1,151.23299999999998,0.07753098919333185,2,0.125,0,0.0,1,0.0,1,1.0,1.2877999999999998,0.635410000278249
C[N+]1(COCC2CC2)CCC1,156.24899999999997,0.1127985544235623,4,0.375,0,0.0,1,0.0,1,1.0,1.2207999999999999,0.6167673001474719
CC12CC1C(C[N+](C)(C)C)O2,156.249,0.11279855442356251,2,0.125,0,0.0,1,0.0,1,1.0,0.8699999999999999,0.5191574612537909
COC1C=CC([N+](C)(C)C)C1,156.249,0.11279855442356251,2,0.125,0,0.0,1,0.0,1,1.0,1.0360999999999998,0.5653746626227771
CCCCC1OC1[N+](C)(C)C,158.26499999999996,0.12697307824815252,4,0.375,0,0.0,1,0.0,1,1.0,1.6077,0.7244219371713179
C[N+](C)(C)CC(=O)[N-][N+](C)(C)C,174.26799999999997,0.23949039211963966,3,0.25,0,0.0,1,0.0,1,1.0,0.2140999999999995,0.33665377445115297
CCC1C[N+](C)(C)CC(C)=N1,155.265,0.10588003684251243,1,0.0,0,0.0,1,0.0,1,1.0,1.3159,0.6432288043629482
CN(C)C(=O)c1ccc(C[S+](C)C)o1,214.30999999999995,0.521026246774522,3,0.25,0,0.0,2,0.3333333333333333,1,1.0,1.3593000000000002,0.6553048220596008
COC1(C)C=CC([N+](C)(C)C)O1,172.24799999999996,0.22528774423984183,2,0.125,0,0.0,2,0.3333333333333333,1,1.0,0.9677,0.5463424135340437
C[N+](C)(C)C1CCSC1,146.27899999999997,0.04269934681881783,1,0.0,0,0.0,1,0.0,1,1.0,1.1981,0.6104510420434623
CC1OC(C[N+](C)(C)C)C1C,158.265,0.1269730782481527,2,0.125,0,0.0,1,0.0,1,1.0,1.116,0.5876067781518682
C#CC[N+](=CC)Cc1ccco1,162.212,0.15472448972417344,3,0.25,0,0.0,1,0.0,1,1.0,1.516,0.6989064804251647
CCOC(=O)C(OC)=[N+](C)C,160.19299999999998,0.1405288728581775,1,0.0,0,0.0,3,0.6666666666666666,1,1.0,-0.13350000000000017,0.23993433317565843
C=C1OC(C[N+](C)(C)C)=CC1=O,168.216,0.19693869659066163,2,0.125,0,0.0,2,0.3333333333333333,1,1.0,0.6895,0.4689334706029659
CN(C)C(=O)C1(C)CC1C[N+](C)(C)C,199.31799999999996,0.41561728785673574,3,0.25,0,0.0,1,0.0,1,1.0,0.8069999999999997,0.5016277581457467
CCC1(C)C[N+](C)(C)C1=O,142.22199999999998,0.014174523824590396,1,0.0,0,0.0,1,0.0,1,1.0,1.0193,0.5607000751272989
CC1(C)C(=O)C1C[N+](C)(C)C,156.249,0.11279855442356251,2,0.125,0,0.0,1,0.0,1,1.0,0.9177,0.5324299507498815
CC1C[N+](C)(C)CC(C(C)C)=CO1,184.30299999999997,0.3100466156215063,1,0.0,0,0.0,1,0.0,1,1.0,2.0214,0.8395336542474746
CC1CC([N+](C)(C)C)C(C)O1,158.265,0.1269730782481527,1,0.0,0,0.0,1,0.0,1,1.0,1.2584999999999997,0.62725729708673
C[N+](C)(C)CC1C=CC(=O)C1,154.23299999999995,0.09862403059897192,2,0.125,0,0.0,1,0.0,1,1.0,0.8378000000000001,0.5101978352207905
C[N+](C)(C)CC1CC2(CC2)CO1,170.27599999999995,0.21142258502253422,2,0.125,0,0.0,1,0.0,1,1.0,1.2617,0.6281476947049165
CC1(C)OCC1C[N+]1(C)CCCC1,184.30299999999994,0.31004661562150615,2,0.125,0,0.0,1,0.0,1,1.0,1.6518,0.7366927293469488
C=C1CC(=O)C(C[N+](C)(C)C)O1,170.23199999999997,0.21111322041525163,2,0.125,0,0.0,2,0.3333333333333333,1,1.0,0.5643,0.43409666379142414
CC1CC([N+](C)(C)C)CC1=O,156.24899999999997,0.1127985544235623,1,0.0,0,0.0,1,0.0,1,1.0,1.0602,0.5720804696847434
C[N+](C)(C)CC1CC(C2CC2)O1,170.27599999999995,0.21142258502253422,3,0.25,0,0.0,1,0.0,1,1.0,1.2601,0.6277024958958233
Cc1ccc[n+](CCN(C)C)c1,165.26000000000002,0.17615501979230416,3,0.25,0,0.0,1,0.0,1,1.0,0.84412,0.5119563705167087
CCC1COC[N+](C)(C)C1,144.23799999999997,0.028349047649180593,1,0.0,0,0.0,1,0.0,1,1.0,1.0767,0.5766715824035169
C[N+](C)(C)C1CC2C(=O)COC21,170.23199999999997,0.21111322041525163,1,0.0,0,0.0,2,0.3333333333333333,1,1.0,0.04899999999999993,0.2907148223378499
CC1(C(=O)N2CC3CC(C2)[N+]3(C)C)CC1,209.31299999999996,0.4858922708065273,1,0.0,0,0.0,1,0.0,1,1.0,0.8459999999999999,0.5124794791173931
CC1CC2C(C[N+](C)(C)C)OC2O1,186.275,0.3239117748388141,2,0.125,0,0.0,2,0.3333333333333333,1,1.0,0.8424999999999998,0.5115056067225017
CN1C=CC(C[N+](C)(C)C)C1,155.265,0.10588003684251243,2,0.125,0,0.0,1,0.0,1,1.0,0.7679,0.490748212248532
CCN(CC)CC=NC(=O)C[S+](C)C,217.35799999999998,0.5424567768426527,6,0.625,0,0.0,2,0.3333333333333333,1,1.0,0.8034999999999999,0.5006538857508553
C=C1C=C(C[N+](C)(C)C)OC1,154.23299999999998,0.09862403059897211,2,0.125,0,0.0,1,0.0,1,1.0,1.1628999999999998,0.6006566682434122
C[N+](C)(C)CC=C1C=CCO1,154.23299999999995,0.09862403059897192,2,0.125,0,0.0,1,0.0,1,1.0,1.1629,0.6006566682434122
C=CC[N+](C)(C)CC(=O)O,144.194,0.02803968304189799,4,0.375,1,0.5,1,0.0,1,1.0,0.33339999999999986,0.3698489106541637
C[N+](C)(C)C=CC=C1COCCO1,184.25899999999993,0.30973725101422334,2,0.125,0,0.0,2,0.3333333333333333,1,1.0,1.137,0.5934500125212163
COCC1CC2C(CO1)[N+]2(C)C,172.248,0.22528774423984202,2,0.125,0,0.0,2,0.3333333333333333,1,1.0,0.2488999999999999,0.3463368485489298
COC1=C[N+](C)(C)CCO1,144.194,0.02803968304189799,1,0.0,0,0.0,2,0.3333333333333333,1,1.0,0.5383,0.4268621831436598
C[N+](C)(C)C1OCCCO1,146.20999999999998,0.042214206866488184,1,0.0,0,0.0,2,0.3333333333333333,1,1.0,0.4131,0.39202537633211804
CC1(C[N+](C)(C)C2CO2)CO1,158.22099999999998,0.1266637136408699,3,0.25,0,0.0,2,0.3333333333333333,1,1.0,0.20799999999999996,0.3349564539914853
CC(C[N+]1(C)CC1)OC#N,141.194,0.006946641636257724,3,0.25,0,0.0,2,0.3333333333333333,1,1.0,0.3327800000000001,0.3696763961156401
CCC1C[N+](C)(C)CCOO1,160.23699999999997,0.1408382374654601,1,0.0,0,0.0,2,0.3333333333333333,1,1.0,0.8031999999999999,0.5005704109741503
C[N+](C)(C)CCOCC1CO1,160.237,0.1408382374654603,5,0.5,0,0.0,2,0.3333333333333333,1,1.0,0.1080000000000001,0.3071315284231612
CC[N+](C)(C)CCSC(C)=O,176.30499999999998,0.2538125672340695,4,0.375,0,0.0,2,0.3333333333333333,1,1.0,1.3623999999999998,0.6561673947522189
COCCC1C[N+](C)(C)CCO1,174.26399999999995,0.23946226806443202,3,0.25,0,0.0,2,0.3333333333333333,1,1.0,0.4981,0.4156765630651935
COC1COC[N+](C)(C)C1,146.21,0.042214206866488385,1,0.0,0,0.0,2,0.3333333333333333,1,1.0,0.06549999999999989,0.29530593505662345
C[N+](C)(C)CCOc1cccnc1,181.25900000000001,0.28864420960858367,4,0.375,0,0.0,2,0.3333333333333333,1,1.0,1.1666,0.6016861904894403
CC(=O)OCC1C[N+](C)(C)C1,158.22099999999998,0.1266637136408699,2,0.125,0,0.0,2,0.3333333333333333,1,1.0,0.25570000000000004,0.3482289434875759
CN(CC[N+](C)(C)C)C1CC1,157.28099999999998,0.12005456066710263,4,0.375,0,0.0,1,0.0,1,1.0,0.7867999999999997,0.4960071231809452
C=C1OC(C[N+](C)(C)CC)C1=O,170.232,0.21111322041525182,3,0.25,0,0.0,2,0.3333333333333333,1,1.0,0.5642999999999998,0.43409666379142403
C[N+](C)(C)CC1OCCCO1,160.23699999999997,0.1408382374654601,2,0.125,0,0.0,2,0.3333333333333333,1,1.0,0.4556,0.4038509696986558
CC1C=NCCC1C[N+](C)(C)C,169.292,0.20450406744148455,2,0.125,0,0.0,1,0.0,1,1.0,1.4194,0.6720276023261635
COC(=O)C[N+](C)(C)C1CC1,158.221,0.1266637136408701,3,0.25,0,0.0,2,0.3333333333333333,1,1.0,0.39819999999999967,0.38787946242243765
COC1CC1C[N+](C)(C)C,144.238,0.02834904764918079,3,0.25,0,0.0,1,0.0,1,1.0,0.7275,0.47950694231892904
COC(=O)C(C)C1C[N+]1(C)C,158.22099999999998,0.1266637136408699,2,0.125,0,0.0,2,0.3333333333333333,1,1.0,0.25409999999999977,0.3477837446784826
COCCC1C[N+](C)(C)C1,144.23799999999997,0.028349047649180593,3,0.25,0,0.0,1,0.0,1,1.0,0.7291000000000001,0.4799521411280223
CC(C)OC(=O)C[N+]1(C)CC1,158.22099999999998,0.1266637136408699,3,0.25,0,0.0,2,0.3333333333333333,1,1.0,0.3981999999999999,0.38787946242243776
CCOC(=O)C1=CC1CC[N+](C)(C)C,198.28599999999997,0.4083612816131956,5,0.5,0,0.0,2,0.3333333333333333,1,1.0,1.202,0.611536214140627
C[N+](C)(C)CC1COCOC1,160.23699999999997,0.1408382374654601,2,0.125,0,0.0,2,0.3333333333333333,1,1.0,0.31309999999999993,0.3642004507637939
CCOCC(=O)[N+](C)(C)C,146.21,0.042214206866488385,3,0.25,0,0.0,2,0.3333333333333333,1,1.0,0.25570000000000004,0.3482289434875759
CC(C)COC1C[N+](C)(C)C1=O,172.24799999999996,0.22528774423984183,3,0.25,0,0.0,2,0.3333333333333333,1,1.0,0.6441999999999999,0.4563287793205151
COCC12CC[N+](C)(C)C1O2,158.221,0.1266637136408701,2,0.125,0,0.0,2,0.3333333333333333,1,1.0,0.20799999999999996,0.3349564539914853
COCC12COCC(C1)[N+](C)(C)C2,186.27499999999998,0.32391177483881395,2,0.125,0,0.0,2,0.3333333333333333,1,1.0,0.4981,0.4156765630651935
CC[N+](C)(C)CC1OCCCO1,174.26399999999995,0.23946226806443202,3,0.25,0,0.0,2,0.3333333333333333,1,1.0,0.8456999999999999,0.5123960043406881
CCCOC(=O)C1C=C[N+](C)(C)C1,184.25899999999993,0.30973725101422334,3,0.25,0,0.0,2,0.3333333333333333,1,1.0,1.1595,0.5997106207740892
COCC12COC1[N+](C)(C)C2,158.22099999999998,0.1266637136408699,2,0.125,0,0.0,2,0.3333333333333333,1,1.0,0.06550000000000011,0.29530593505662345
COCOC1C[N+](C)(C)C1,146.20999999999998,0.042214206866488184,3,0.25,0,0.0,2,0.3333333333333333,1,1.0,0.06550000000000011,0.29530593505662345
COC(=O)C1CC[N+]1(C)C,144.194,0.02803968304189799,1,0.0,0,0.0,2,0.3333333333333333,1,1.0,0.008099999999999774,0.27933442778040535
C[N+](C)(C)CC(=O)OC1CC1,158.22099999999998,0.1266637136408699,3,0.25,0,0.0,2,0.3333333333333333,1,1.0,0.39819999999999967,0.38787946242243765
CC1CCCC1NOC(=O)C[N+](C)(C)C,215.31699999999998,0.5281064776730154,4,0.375,1,0.5,3,0.6666666666666666,1,1.0,0.9289999999999998,0.5355741673391021
COC1(CC[N+](C)(C)C)CO1,160.23699999999997,0.1408382374654601,4,0.375,0,0.0,2,0.3333333333333333,1,1.0,0.4556,0.4038509696986558
COC[N+](C)(C)CC1CO1,146.20999999999998,0.042214206866488184,4,0.375,0,0.0,2,0.3333333333333333,1,1.0,0.06549999999999989,0.29530593505662345
C[N+](C)(C)CC1COCC(=O)C1,172.24799999999996,0.22528774423984183,2,0.125,0,0.0,2,0.3333333333333333,1,1.0,0.2982,0.36005453685411365
CC(C)N1C(=O)CC1C[N+]1(C)CC1,183.27499999999995,0.30281873343317345,3,0.25,0,0.0,1,0.0,1,1.0,0.45589999999999997,0.4039344444753608
CC1C(F)C[N+]1(C)CC(=O)N1CCC1,201.26499999999996,0.42930667172899634,2,0.125,0,0.0,1,0.0,1,1.0,0.40549999999999997,0.38991068198892537
CC1CN(C(=O)C[N+]2(C)CCC2C)C1,197.30199999999996,0.40144276403214557,2,0.125,0,0.0,1,0.0,1,1.0,0.7034999999999998,0.47282896018253123
CCCC(=O)N1CCC2(C1)C[N+]2(C)C,197.30199999999996,0.40144276403214557,2,0.125,0,0.0,1,0.0,1,1.0,0.8476000000000001,0.5129246779264864
CN(C)C(=O)C[N+]12CC(C1)C1CCC12,195.28599999999997,0.38726824020755535,2,0.125,0,0.0,1,0.0,1,1.0,0.3133999999999999,0.36428392554049893
CC1CC1CN1C(=O)C2C1C[N+]2(C)C,195.286,0.38726824020755557,2,0.125,0,0.0,1,0.0,1,1.0,0.31179999999999963,0.36383872673140566
CC1C[N+](C)(CC(=O)N2CCCC2)C1,197.30199999999994,0.40144276403214535,2,0.125,0,0.0,1,0.0,1,1.0,0.7050999999999996,0.4732741589916244
CC[N+]1(C)CC2C(C1)C2C(=O)N(C)C,197.30199999999996,0.40144276403214557,2,0.125,0,0.0,1,0.0,1,1.0,0.41690000000000005,0.39308272350371437
CCC1C[N+]2(CC(=O)N(C)C)CC2O1,199.27399999999997,0.41530792324945315,3,0.25,0,0.0,2,0.3333333333333333,1,1.0,0.03990000000000005,0.28818275411113253
CC1CCN(C(=O)C[N+]2(C)CC2)C1,183.27499999999995,0.30281873343317345,2,0.125,0,0.0,1,0.0,1,1.0,0.3149999999999997,0.36472912434959204
CC(=O)N(C)CC1C[N+]2(C)CCC1C2,197.30199999999996,0.40144276403214557,2,0.125,0,0.0,1,0.0,1,1.0,0.5609999999999997,0.43317844124766935
CC(=O)N(C)CC1CCC(=O)[N+]12CC2,197.25799999999998,0.401133399424863,2,0.125,0,0.0,2,0.3333333333333333,1,1.0,-0.015900000000000025,0.2726564456440076
C[N+]1(CC(=O)N2CC3CCC3C2)COC1,211.28499999999994,0.49975743002383466,2,0.125,0,0.0,2,0.3333333333333333,1,1.0,0.2465999999999997,0.34569687526085835
COCC1=NCC[N+]12CCCC2,169.248,0.20419470283420174,2,0.125,0,0.0,2,0.3333333333333333,1,1.0,0.6554999999999997,0.45947299590973567
CN(C)C(=O)C[N+]12CCCC1COC2,199.27399999999994,0.415307923249453,2,0.125,0,0.0,2,0.3333333333333333,1,1.0,0.04149999999999987,0.28862795292022564
C#CCCN1CC[N+](C)(C)C(C)C1,181.303,0.28895357421586626,2,0.125,0,0.0,1,0.0,1,1.0,0.7901999999999998,0.4969531706502683
CC(=O)N1CC(C[N+]2(C)CCC2C)C1,197.30199999999996,0.40144276403214557,2,0.125,0,0.0,1,0.0,1,1.0,0.7034999999999998,0.47282896018253123
C=CCN1CC(C)C[N+](C)(C)CC1=O,197.30199999999996,0.40144276403214557,2,0.125,0,0.0,1,0.0,1,1.0,0.7270999999999999,0.47939564261665574
CCCC(=O)N1CC[N+](C)(C)CC1,185.29099999999997,0.31699325725776384,2,0.125,0,0.0,1,0.0,1,1.0,0.7051000000000001,0.4732741589916245
CCN1C(=O)C[N+](C)(C)CC1C1CC1,197.30199999999996,0.40144276403214557,2,0.125,0,0.0,1,0.0,1,1.0,0.7034999999999998,0.47282896018253123
CC1C2CCN(C(=O)C[N+]3(C)CC3)C12,195.28599999999997,0.38726824020755535,2,0.125,0,0.0,1,0.0,1,1.0,0.3133999999999999,0.36428392554049893
C[N+]1(CC(=O)N2CCC(F)C2)CCOC1,217.26399999999992,0.5417958615452756,2,0.125,0,0.0,2,0.3333333333333333,1,1.0,-0.008899999999999908,0.27460419043379036
CC(C)N1CCC([N+](C)(C)C)C1=O,185.291,0.31699325725776406,2,0.125,0,0.0,1,0.0,1,1.0,0.7019,0.4723837613734381
CN(C)C(=O)C[N+]12CCC(CC1)C2,183.27499999999995,0.30281873343317345,2,0.125,0,0.0,1,0.0,1,1.0,0.3149999999999997,0.36472912434959204
CC1CN(C(=O)C[N+]2(C)CC2)CC1C,197.30199999999996,0.40144276403214557,2,0.125,0,0.0,1,0.0,1,1.0,0.5609999999999997,0.43317844124766935
CC(C)CC(=O)N1CC2C1C[N+]2(C)C,197.302,0.4014427640321458,2,0.125,0,0.0,1,0.0,1,1.0,0.7019,0.4723837613734381
CC[N+]1(C)CCC(N(C)C(C)=O)C1,185.29099999999997,0.31699325725776384,2,0.125,0,0.0,1,0.0,1,1.0,0.7034999999999998,0.47282896018253123
CC1CC[N+]1(C)CC(=O)N1CCC1,183.27499999999995,0.30281873343317345,2,0.125,0,0.0,1,0.0,1,1.0,0.4574999999999998,0.4043796432844539
CC(C)CN1C(=O)C2CC1C[N+]2(C)C,197.30199999999996,0.40144276403214557,2,0.125,0,0.0,1,0.0,1,1.0,0.7019,0.4723837613734381
C#CC1N(C(=O)CC)CCC[N+]1(C)C,195.28599999999997,0.38726824020755535,1,0.0,0,0.0,1,0.0,1,1.0,0.6643999999999999,0.46194941428531655
CC1CC2C[N+]2(CC(=O)N(C)C)C1,183.27499999999998,0.30281873343317367,2,0.125,0,0.0,1,0.0,1,1.0,0.3133999999999999,0.36428392554049893
C[S+](C)CC(=O)N1CCOC1,176.26099999999997,0.25350320262678666,2,0.125,0,0.0,2,0.3333333333333333,1,1.0,-0.3193999999999999,0.188207796544144
C#CCCN(C)C1CC[N+](C)(C)C1,181.30299999999997,0.28895357421586604,3,0.25,0,0.0,1,0.0,1,1.0,0.7902,0.4969531706502683
CCCC(=O)N1CC2CC1C[N+]2(C)C,197.302,0.4014427640321458,2,0.125,0,0.0,1,0.0,1,1.0,0.8459999999999999,0.5124794791173931
CC(C(=O)N1CCOC1)[N+](C)(C)C,187.26299999999998,0.33085841647507147,2,0.125,0,0.0,2,0.3333333333333333,1,1.0,-0.1025999999999998,0.24853223517627068
CC(C)C1C[N+](C)(C)CC(=O)N1C,185.291,0.31699325725776406,1,0.0,0,0.0,1,0.0,1,1.0,0.5593999999999999,0.43273324243857625
CCC1C([N+]2(C)CCC2)C(=O)N1C,183.275,0.30281873343317384,2,0.125,0,0.0,1,0.0,1,1.0,0.45589999999999975,0.4039344444753607
CC(CC1CNC(=O)C1)[N+](C)(C)C,185.291,0.31699325725776406,3,0.25,1,0.5,1,0.0,1,1.0,0.6073,0.44606138178580346
CN(C(=O)C1C=CC[N+]1(C)C)C1CC1,195.28599999999997,0.38726824020755535,2,0.125,0,0.0,1,0.0,1,1.0,0.6219999999999997,0.4501516458443471
CN(CC1CCCN1C)c1cccnn1,206.29300000000003,0.46465860912484996,3,0.25,0,0.0,4,1.0,0,0.0,1.007,0.557277609282395
c1cc(C2CN(CC3CCCO3)C2)no1,208.26099999999997,0.47849564428694946,3,0.25,0,0.0,4,1.0,0,0.0,1.2528,0.6256712763293356
CCn1cc(CN2CCCOCC2)cn1,209.29299999999998,0.4857516505304898,3,0.25,0,0.0,4,1.0,0,0.0,1.1253,0.5901944962297224
Cc1coc(N2CCN(C(C)C)CC2)n1,209.293,0.48575165053049,2,0.125,0,0.0,4,1.0,0,0.0,1.51342,0.6981885973455019
CCN1CCCN(Cc2cocn2)CC1,209.293,0.48575165053049,3,0.25,0,0.0,4,1.0,0,0.0,1.2022,0.6115918639917636
CN(C)Cc1nc2c(c(N(C)C)n1)CCC2,220.31999999999994,0.5632826397238213,3,0.25,0,0.0,4,1.0,0,0.0,1.0928999999999998,0.5811792203455852
CCN1CCCc2cn(CN(C)C)nc21,208.309,0.47883313294943997,3,0.25,0,0.0,4,1.0,0,0.0,1.1747,0.6039400094604744
CN1CCc2nc(CN(C)C3CC3)cnc21,218.304,0.5491081158992315,3,0.25,0,0.0,4,1.0,0,0.0,1.0630999999999997,0.5728873925262248
CCn1ccnc1CN1CCCOCC1,209.29299999999995,0.48575165053048963,3,0.25,0,0.0,4,1.0,0,0.0,1.1253,0.5901944962297224
CCC1COCN1C(C)c1ccnnc1,207.27700000000002,0.4715771267058998,3,0.25,0,0.0,4,1.0,0,0.0,1.6059,0.723921088511088
CCn1cnc(CN2CCCOCC2)c1,209.29299999999995,0.48575165053048963,3,0.25,0,0.0,4,1.0,0,0.0,1.1253,0.5901944962297224
COCC1CN(c2nc(C)cnc2C)C1,207.27700000000002,0.4715771267058998,3,0.25,0,0.0,4,1.0,0,0.0,1.1760400000000002,0.6043128634630901
CCN(C)C1CCN(c2cnccn2)C1,206.293,0.46465860912484974,3,0.25,0,0.0,4,1.0,0,0.0,1.007,0.557277609282395
CN(C(=O)Cn1cncn1)C1CCCCC1,222.29199999999994,0.5771477989411289,3,0.25,0,0.0,4,1.0,0,0.0,1.069199999999999,0.5745847129858923
CN(C)C1CCN(Cc2nccs2)C1,211.334,0.5001019497001272,3,0.25,0,0.0,4,1.0,0,0.0,1.279,0.6329614068282365
CCC1COC(=O)N1Cc1cnccn1,207.233,0.47126776209861704,3,0.25,0,0.0,4,1.0,0,0.0,1.2074,0.6130387601213165
CCN1CCN(C(C)c2nccn2C)C1,208.309,0.47883313294943997,3,0.25,0,0.0,4,1.0,0,0.0,1.0760999999999996,0.5765046328501069
c1nc(CN2CCOCC2)cc(C2CC2)n1,219.28799999999995,0.5560266334802811,3,0.25,0,0.0,4,1.0,0,0.0,1.1862,0.6071398759008317
CC(C1CCN1C)N(C)c1ncccn1,206.29300000000003,0.46465860912484996,3,0.25,0,0.0,4,1.0,0,0.0,1.0053999999999998,0.5568324104733017
Cc1nc(CN(C)C(=O)C2CC2)no1,195.22199999999998,0.3868182553242351,3,0.25,0,0.0,4,1.0,0,0.0,0.7464199999999999,0.484771418236456
COc1nccnc1C1CN(C(C)C)C1,207.27699999999996,0.4715771267058994,3,0.25,0,0.0,4,1.0,0,0.0,1.2928,0.6368012465566653
CN(C)C1CCN(Cc2ccon2)CC1,209.293,0.48575165053049,3,0.25,0,0.0,4,1.0,0,0.0,1.2006,0.6111466651826705
Cc1cc(N2CCC2CN(C)C)cnn1,206.293,0.46465860912484974,3,0.25,0,0.0,4,1.0,0,0.0,0.9253199999999999,0.5345502100781878
CCn1nccc1CN1CCCOCC1,209.29299999999992,0.4857516505304894,3,0.25,0,0.0,4,1.0,0,0.0,1.1253,0.5901944962297224
Cc1ccn(CN2CCN(C(C)C)C2)n1,208.309,0.47883313294943997,3,0.25,0,0.0,4,1.0,0,0.0,1.13252,0.5922034558557553
c1cc(CN2CCC3(COC3)OC2)co1,209.24499999999995,0.48541416186799935,2,0.125,0,0.0,4,1.0,0,0.0,1.2284,0.6188819944906645
CN1CCC(c2nc(CC3CC3)no2)C1,207.27699999999996,0.4715771267058994,3,0.25,0,0.0,4,1.0,0,0.0,1.4412,0.6780934361000582
CC1N(Cc2ccon2)CCC12COC2,208.26099999999994,0.4784956442869493,2,0.125,0,0.0,4,1.0,0,0.0,1.2854,0.6347422020646093
CCN1CCN(C(=O)c2c(C)noc2C)C1,223.27599999999998,0.5840663165221791,2,0.125,0,0.0,4,1.0,0,0.0,1.02664,0.5627424246640138
CN(C)Cc1c(C2CC2)n2n1CCOC2,209.29299999999995,0.48575165053048963,3,0.25,0,0.0,4,1.0,0,0.0,1.2163,0.6155151784968973
c1nc(CCN2CC3CC2CO3)cs1,210.302,0.49284594345658694,3,0.25,0,0.0,4,1.0,0,0.0,1.1586999999999998,0.5994880213695426
COc1ncccc1CN1C2COC1C2,206.24499999999995,0.46432112046235907,3,0.25,0,0.0,4,1.0,0,0.0,1.0208,0.5611174490108236
CC1CN(C)CC1N(C)Cc1ccon1,209.29299999999998,0.4857516505304898,3,0.25,0,0.0,4,1.0,0,0.0,1.0564999999999998,0.5710509474387153
CCN(CC1CCOC1)c1ccncn1,207.27700000000002,0.4715771267058998,4,0.375,0,0.0,4,1.0,0,0.0,1.3394,0.6497676618715043
Cn1ccnc1CN1CCC2(CC1)COC2,221.30399999999995,0.5702011573048713,2,0.125,0,0.0,4,1.0,0,0.0,1.0325,0.5643729653023176
CCN1C(=O)C(C)SC1=CC(=O)OC,215.27399999999997,0.5278041440795346,2,0.125,0,0.0,4,1.0,0,0.0,0.9845999999999999,0.5510448259550903
Cc1nccn1CN1CCN(C(C)C)CC1,222.33599999999998,0.5774571635484118,3,0.25,0,0.0,4,1.0,0,0.0,1.17502,0.6040290492222931
Cn1cc(CN2CCC3(CC2)COC3)cn1,221.30399999999997,0.5702011573048715,2,0.125,0,0.0,4,1.0,0,0.0,1.0325,0.5643729653023176
CN(C)c1nccc(CN2CCCC2)n1,206.29299999999992,0.46465860912484913,3,0.25,0,0.0,4,1.0,0,0.0,1.1383999999999999,0.5938395614791727
CC1=CC(=NNC(=O)C[N+](C)(C)C)CC(C(C)(C)C)C1,280.43600000000004,0.9859590654376453,3,0.25,1,0.5,2,0.3333333333333333,1,1.0,2.5672000000000006,0.9914020979993878
CC#CC[N+](C)(C)CC1C2CC3CC(C2)C(C3)C1CO,276.444,0.9578912583405399,4,0.375,1,0.5,1,0.0,1,1.0,2.3768000000000007,0.9384234397172988
CNC(=O)OCC1CC(C)CC(C)C1[N+](C)(C)C,257.39799999999997,0.8239785694699314,3,0.25,1,0.5,2,0.3333333333333333,1,1.0,2.0994,0.8612370961907676
CN1CC(C)(C)C[N+]2(CC(C)(C)CO)CCCCC12,269.453,0.9087374408515959,3,0.25,1,0.5,2,0.3333333333333333,1,1.0,2.3033,0.9179721194245805
C[N+]12CC(COC(=O)Nc3cccc(Cl)c3)C1C2,267.73600000000005,0.8966651901537683,3,0.25,1,0.5,2,0.3333333333333333,1,1.0,2.3471,0.9301594368235064
Cc1cc(C)c2c(=NCCC[N+](C)(C)C)nc[nH]c2c1,273.404,0.9365169763828243,4,0.375,1,0.5,2,0.3333333333333333,1,1.0,2.1767399999999997,0.8827568936253093
CC1C2CC(C2NC(=O)C2CCC2)C1C(C)[N+](C)(C)C,279.448,0.9790124238013874,4,0.375,1,0.5,1,0.0,1,1.0,2.268,0.9081499206989619
CC(C)OCC#CC[N+]12CCC(C(C)(C)O)CC1CC2,280.4320000000001,0.9859309413824381,4,0.375,1,0.5,2,0.3333333333333333,1,1.0,2.1848,0.8849995826261163
CC(C)C1CCC(C[N+](C)(C)C)C1=NO,213.345,0.5142413184557081,3,0.25,1,0.5,2,0.3333333333333333,1,1.0,2.205,0.8906202175909178
CC1C2COc3ccc(N)cc3C([N+]3(C)CCC3)C12,259.37299999999993,0.8378648217286443,1,0.0,1,0.5,2,0.3333333333333333,1,1.0,2.4347000000000003,0.9545340716213584
C[N+](C)(C)CC(=O)Nc1ccc(OC(F)F)cc1,259.27599999999995,0.8371828133898621,5,0.5,1,0.5,2,0.3333333333333333,1,1.0,1.9326999999999999,0.8148529452683713
CC1CC2CC(=NNC(=O)C[N+](C)(C)C)CC(C1)C2C,280.436,0.985959065437645,3,0.25,1,0.5,2,0.3333333333333333,1,1.0,2.2569999999999997,0.9050891788864462
CC1CC2(C)CN(C)C[N+](CC(C)(C)CO)(C1)C2,255.42599999999993,0.8101134102526236,3,0.25,1,0.5,2,0.3333333333333333,1,1.0,1.7707000000000002,0.7697765658476862
CC(C)C(C[S+](C)C)NC(=O)OCC1CC1,246.39599999999996,0.7466233556216466,6,0.625,1,0.5,2,0.3333333333333333,1,1.0,2.0251,0.8405631764935028
C[N+](C)(C)CC1Cc2ccccc2CC1CN,233.37899999999996,0.6551006489625735,3,0.25,1,0.5,1,0.0,1,1.0,1.6825,0.7452349814964243
C[N+](C)(C)CCc1cc(O)c2c(c1)CCCC2,234.36299999999994,0.6620191665436234,3,0.25,1,0.5,1,0.0,1,1.0,2.5197000000000003,0.9781852583544338
CC1(COC(=O)Nc2cc(F)cc(F)c2)C[N+]1(C)C,271.287,0.921632320164244,3,0.25,1,0.5,2,0.3333333333333333,1,1.0,2.362,0.9343053507331867
CC(=O)Nc1ccc(CN2CCC[N+](C)(C)CC2)cc1,276.4039999999999,0.9576100177884638,3,0.25,1,0.5,2,0.3333333333333333,1,1.0,1.9270999999999996,0.813294749436545
C[N+](C)(C)CC1=NNCC(c2ccccc2)C1,232.351,0.647872766774241,3,0.25,1,0.5,2,0.3333333333333333,1,1.0,1.8256999999999997,0.7850802749102644
CCCCSC(=S)N1CCC[N+](C)(C)CC1,261.47999999999996,0.8526791678092058,3,0.25,0,0.0,2,0.3333333333333333,1,1.0,2.5867000000000004,0.996827958485211
CC(C)C1CC(NC2CCOC2)[S+](C)(C)C1,245.43199999999996,0.7398454583166342,3,0.25,1,0.5,2,0.3333333333333333,1,1.0,1.7805,0.772503408553382
CC1(C)CC2CC(C)(C1)C2N(O)CC1C[N+]1(C)C,253.41,0.7959388864280338,3,0.25,1,0.5,2,0.3333333333333333,1,1.0,2.351,0.931244608920671
C[N+](C)(C)CCC(=O)Nc1cnc2ccccc2c1,258.345,0.8306369395403123,4,0.375,1,0.5,2,0.3333333333333333,1,1.0,2.2695999999999996,0.908595119508055
Cc1cccc2c1C(=O)C(C)(C)C(O)C2[N+]1(C)CC1,260.357,0.844783339309695,1,0.0,1,0.5,2,0.3333333333333333,1,1.0,2.07972,0.8557611508389213
COCC(C)NC(=O)C[S+](C)C,192.304,0.3663017570503492,5,0.5,1,0.5,2,0.3333333333333333,1,1.0,0.015399999999999858,0.28136564734689307
C[N+](C)(C)CCN=C1CC2CCC(C2)C1C(=O)O,253.36599999999999,0.795629521820751,4,0.375,1,0.5,2,0.3333333333333333,1,1.0,1.6543999999999999,0.7374161774117252
CC(C)(C)C(=O)OC[n+]1cccc(Br)c1,273.15,0.9347310988771467,2,0.125,0,0.0,2,0.3333333333333333,1,1.0,2.2834000000000003,0.912434959236484
C[N+]1(CC(=O)c2ccc(Cl)cc2)CC1,210.68399999999997,0.49553179072890496,3,0.25,0,0.0,1,0.0,1,1.0,1.9828999999999999,0.8288210579036699
CC1=CC(C)(C)CC(C)(C)C1NC(=O)C[N+](C)(C)C,267.437,0.894562917027006,3,0.25,1,0.5,1,0.0,1,1.0,2.5798000000000005,0.9949080386209966
CC1(C(=O)Nc2ccc(OC(F)F)cc2)C[N+]1(C)C,271.287,0.921632320164244,4,0.375,1,0.5,2,0.3333333333333333,1,1.0,2.0752,0.8545034642032331
CC1(NCC[N+](C)(C)C)C2CC3CC(C2)CC1C3,251.43799999999996,0.782073727210726,4,0.375,1,0.5,1,0.0,1,1.0,2.497,0.9718690002504241
CC1(C)C(=O)c2c(F)cccc2C([N+]2(C)CCC2)C1O,278.347,0.9712712776055175,1,0.0,1,0.5,2,0.3333333333333333,1,1.0,2.300500000000001,0.9171930215086675
CCC12CC3CC(C1)C(NC(=O)C[N+](C)(C)C)C(C3)C2,279.44800000000004,0.9790124238013879,4,0.375,1,0.5,1,0.0,1,1.0,2.4137000000000004,0.9486908372520103
C[N+](C)(C)c1ccc(NC(=O)C2CCCO2)cc1,249.33399999999995,0.7672804741715702,3,0.25,1,0.5,2,0.3333333333333333,1,1.0,2.0008,0.8338017195804
C[N+]1(C)CCC(CN=c2[nH]ccc3ccccc23)CC1,270.4000000000001,0.9153958109219772,2,0.125,1,0.5,1,0.0,1,1.0,2.5549999999999997,0.9880074570800521
COC1CC(=NNC(=O)C[N+](C)(C)C)C=CC(C)(C)C1,282.4080000000001,0.9998242246549531,4,0.375,1,0.5,3,0.6666666666666666,1,1.0,1.5559999999999994,0.7100364506524942
COCC1(NC(=O)C[S+](C)C)CCCC1,232.36899999999994,0.6479993250226745,5,0.5,1,0.5,2,0.3333333333333333,1,1.0,0.9396999999999995,0.5385514343749127
CN(C)C(=O)OCC1=CCC(F)C1C[N+](C)(C)C,259.34499999999997,0.8376679533421919,4,0.375,0,0.0,2,0.3333333333333333,1,1.0,1.6752,0.7432037619299368
CNCc1ccc(N2CCC[N+](C)(C)CC2)cc1,248.39399999999995,0.7606713211978029,3,0.25,1,0.5,2,0.3333333333333333,1,1.0,1.6924999999999997,0.7480174740532567
CC1(C)C(C(=O)NCCC[N+](C)(C)C)C1(C)O,243.37099999999998,0.7253545388709595,5,0.5,2,1.0,2,0.3333333333333333,1,1.0,0.6059000000000001,0.44567183282784695
COCCN=c1[nH]c2c([nH]1)[n+](C)cn2CCC(C)C,266.36899999999997,0.8870537942865977,6,0.625,2,1.0,3,0.6666666666666666,1,1.0,0.7151999999999996,0.47608447647402513
C[N+](C)(C)CCNC(=O)CNc1ccc([N+](=O)[O-])cc1,281.336,0.9922869778593373,7,0.75,2,1.0,4,1.0,1,1.0,0.8291000000000005,0.5077770666963465
COCC(C)(O)CNC(=O)c1ccc(OC)cc1,253.298,0.7951514128822232,6,0.625,2,1.0,4,1.0,0,0.0,0.8223999999999995,0.5059127966832685
C[S+](F)CCNCC1(c2cccc(CO)c2)CO1,272.36500000000007,0.9292117530426713,7,0.75,2,1.0,3,0.6666666666666666,1,1.0,1.1266,0.5905562202621106
C[S+](C)CCNCC1(c2cccc(CO)c2)CO1,268.402,0.90134784534582,7,0.75,2,1.0,3,0.6666666666666666,1,1.0,0.8718999999999995,0.5196861348395889
CCN(C(=O)OC(C)(C)C)C(CC(=O)O)C(=O)O,261.27399999999994,0.8512307789660185,5,0.5,2,1.0,4,1.0,0,0.0,1.1713000000000002,0.6029939619911515
COCc1cc(=O)[nH]c(=NCCC[N+](C)(C)C)[nH]1,255.34199999999996,0.8095228050932659,6,0.625,2,1.0,3,0.6666666666666666,1,1.0,-0.15359999999999857,0.23434152313642573
CNC(C)C(O)CN(Cc1ccccc1)C(C)C,250.386,0.7746771006911484,7,0.75,2,1.0,3,0.6666666666666666,0,0.0,1.8657999999999995,0.7962380700631623
COCC(O)(CNC(=O)C1CCC1)C1(C)CC1,241.33099999999993,0.7110112707151238,6,0.625,2,1.0,3,0.6666666666666666,0,0.0,1.0802999999999991,0.5776732797239763
COCCN=c1ccc(CNCC(C)(C)C)c[nH]1,251.37399999999997,0.7816237423274057,6,0.625,2,1.0,3,0.6666666666666666,0,0.0,1.6974999999999993,0.7494087203316727
C[N+](C)(C)CCNC(=O)c1n[nH]c(=O)c2ccccc12,275.33200000000005,0.9500727709928495,4,0.375,2,1.0,3,0.6666666666666666,1,1.0,0.35910000000000075,0.37699991652522324
C[N+](C)(C)CCC1CCCC(COS(N)(=O)=O)O1,281.39799999999997,0.9927229007150535,6,0.625,1,0.5,4,1.0,1,1.0,0.24050000000000205,0.3439995548011912
COCC(=O)NC(CNC(=O)C(C)C)C(C)C1CC1,270.37300000000005,0.9152059735493261,8,0.875,2,1.0,3,0.6666666666666666,0,0.0,0.9359,0.5374940872033165
CCC(=NCCCCC[N+](C)(C)C)NOC,230.376,0.6339865145155279,8,0.875,1,0.5,2,0.3333333333333333,1,1.0,1.8223999999999998,0.7841620523665097
CN(C)CCCN=c1cc[nH]c(=NCC[N+](C)(C)C)[nH]1,281.428,0.9929338311291102,7,0.75,2,1.0,3,0.6666666666666666,1,1.0,-0.19789999999999724,0.22201508110965854
CN(C)CCNCC(O)C[n+]1ccc(C(C)(C)C)cc1,280.436,0.985959065437645,7,0.75,2,1.0,3,0.6666666666666666,1,1.0,0.783700000000001,0.49514455048832745
COc1cccc(C2(CNCC[S+](C)C)CC2)c1,266.42999999999995,0.8874826861285122,7,0.75,1,0.5,2,0.3333333333333333,1,1.0,2.1943,0.8876429505551071
COCCNCC[S+](C)c1ccccc1,226.365,0.6057851181561869,7,0.75,1,0.5,2,0.3333333333333333,1,1.0,1.5295999999999996,0.7026906703024567
CCOC(C)C(=O)NN=C(C)c1cc[n+](C)cc1,250.322,0.7742271158078281,5,0.5,1,0.5,3,0.6666666666666666,1,1.0,0.7762999999999998,0.4930855059962712
CNc1cc[n+](C(COC(C)(C)C)C(=O)O)cc1,253.322,0.7953201572134684,5,0.5,2,1.0,3,0.6666666666666666,1,1.0,1.4565999999999997,0.6823784746375801
COCCCNC(=O)C(NC(=O)c1ccco1)C(C)C,282.3400000000001,0.9993461157164254,8,0.875,2,1.0,4,1.0,0,0.0,1.1867000000000008,0.6072790005286737
COCC(O)CN(C)C(=O)c1ccccc1O,239.27100000000002,0.6965273822832514,5,0.5,2,1.0,4,1.0,0,0.0,0.47149999999999964,0.4082751328640193
CC(C)(CC(O)C[S+]1CCCC1)C(=O)O,233.35299999999992,0.6549178426037243,5,0.5,2,1.0,2,0.3333333333333333,1,1.0,1.2603000000000002,0.62775814574696
CCc1cc(C2(CNCC[S+](C)C)CO2)ccn1,267.41799999999995,0.8944293277647698,7,0.75,1,0.5,3,0.6666666666666666,1,1.0,1.3369999999999995,0.6490998636578644
C[S+](C)CCNCC(O)COCC1CC1,234.38499999999996,0.6621738488472649,9,1.0,2,1.0,3,0.6666666666666666,1,1.0,0.24140000000000028,0.3442499791313057
CC(=O)NCC(O)C[n+]1ccc(C(C)(C)C)cc1,251.35,0.7814549979961608,4,0.375,2,1.0,2,0.3333333333333333,1,1.0,0.7685999999999995,0.4909429867275102
C[N+](C)(C)CCNCCCCCN,188.33899999999994,0.3384237873258942,8,0.875,2,1.0,2,0.3333333333333333,1,1.0,0.41120000000000123,0.39149670274632026
C[N+](C)(C)CCNCc1nc2cc([N+](=O)[O-])ccc2[nH]1,278.336,0.971193936453697,6,0.625,2,1.0,4,1.0,1,1.0,1.2668999999999997,0.6295945908344692
C[N+](C)(C)CCCNCC(O)CCl,209.74099999999999,0.48890154471373215,7,0.75,2,1.0,2,0.3333333333333333,1,1.0,0.27200000000000013,0.3527644063552128
COCC1OC1COC(O)c1ccc[n+](C)c1,240.27900000000002,0.7036146441955465,6,0.625,1,0.5,4,1.0,1,1.0,-0.0676000000000001,0.25827095912518405
CNCC(O)COc1ccc([N+](C)(C)C)cc1C,253.36599999999999,0.795629521820751,6,0.625,2,1.0,3,0.6666666666666666,1,1.0,1.1508199999999993,0.5972954172347585
CN(C)c1cccc(C(O)CC2COCC[S+]2C)c1,282.4289999999999,0.9999718759447915,4,0.375,1,0.5,3,0.6666666666666666,1,1.0,1.823,0.7843290019199196
COCCNC(=O)C1OC(CO)CCC1(C)C,245.31899999999993,0.7390509537570216,5,0.5,2,1.0,4,1.0,0,0.0,0.3150999999999997,0.36475694927516034
C[N+](C)(C)CCN=c1[nH]c2ccc([N+](=O)[O-])cc2[nH]1,264.30899999999997,0.8725699058547247,4,0.375,2,1.0,3,0.6666666666666666,1,1.0,1.0110999999999999,0.5584184312306962
CC(C)(C)C(=O)OC[n+]1ccc(C(=O)O)cc1,238.263,0.6894401203709561,3,0.25,1,0.5,3,0.6666666666666666,1,1.0,1.2190999999999999,0.6162942764128104
C[N+](C)(C)CCNCc1ccc2cc(CO)ccc2c1,273.40000000000003,0.936488852327617,6,0.625,2,1.0,2,0.3333333333333333,1,1.0,2.1278999999999995,0.8691671999777397
CC(=O)OCC(CO)OC[n+]1ccc(C)cc1,240.279,0.7036146441955463,6,0.625,1,0.5,4,1.0,1,1.0,0.18061999999999956,0.3273379893708781
CC[N+](CC)(CC)CC(O)CC(=O)OC,218.31699999999998,0.5491995190786557,7,0.75,1,0.5,3,0.6666666666666666,1,1.0,0.7868999999999997,0.4960349481065135
